model,scenario,scenario_label,total_macs,mapped_macs,electronic_remainder_macs,mapped_mac_share_percent,electronic_remainder_share_percent,evidence_tier,claim_status,claim_boundary
MobileViT-XXS,linear_only,Traced Linear only,210041600,75522560,134519040,35.9560,64.0440,local module-hook trace,conservative trace-only baseline,"Mapping opportunity and Amdahl design bound only; not measured HPAT runtime, energy, edge deployment, or fabricated-silicon evidence."
MobileViT-XXS,plus_pointwise_attention,Reasonable-high: + 1x1 conv + attention matmuls,210041600,142359296,67682304,67.7767,32.2233,local module trace plus attention-shape-derived function-op estimate,paper-facing reasonable-high boundary,"Mapping opportunity and Amdahl design bound only; not measured HPAT runtime, energy, edge deployment, or fabricated-silicon evidence."
MobileViT-XXS,maximal_all_mac,Maximal direct-streaming all-MAC mapping,210041600,210041600,0,100.0000,0.0000,local shape/MAC trace with analytical direct sliding-window convolution lowering,engineering-only analytical ceiling; not paper-facing,"Mapping opportunity and Amdahl design bound only; not measured HPAT runtime, energy, edge deployment, or fabricated-silicon evidence."
MobileViT-XS,linear_only,Traced Linear only,772340288,238156800,534183488,30.8357,69.1643,local module-hook trace,conservative trace-only baseline,"Mapping opportunity and Amdahl design bound only; not measured HPAT runtime, energy, edge deployment, or fabricated-silicon evidence."
MobileViT-XS,plus_pointwise_attention,Reasonable-high: + 1x1 conv + attention matmuls,772340288,610532096,161808192,79.0496,20.9504,local module trace plus attention-shape-derived function-op estimate,paper-facing reasonable-high boundary,"Mapping opportunity and Amdahl design bound only; not measured HPAT runtime, energy, edge deployment, or fabricated-silicon evidence."
MobileViT-XS,maximal_all_mac,Maximal direct-streaming all-MAC mapping,772340288,772340288,0,100.0000,0.0000,local shape/MAC trace with analytical direct sliding-window convolution lowering,engineering-only analytical ceiling; not paper-facing,"Mapping opportunity and Amdahl design bound only; not measured HPAT runtime, energy, edge deployment, or fabricated-silicon evidence."
MobileViT-S,linear_only,Traced Linear only,2000831488,730842112,1269989376,36.5269,63.4731,local module-hook trace,conservative trace-only baseline,"Mapping opportunity and Amdahl design bound only; not measured HPAT runtime, energy, edge deployment, or fabricated-silicon evidence."
MobileViT-S,plus_pointwise_attention,Reasonable-high: + 1x1 conv + attention matmuls,2000831488,1544897536,455933952,77.2128,22.7872,local module trace plus attention-shape-derived function-op estimate,paper-facing reasonable-high boundary,"Mapping opportunity and Amdahl design bound only; not measured HPAT runtime, energy, edge deployment, or fabricated-silicon evidence."
MobileViT-S,maximal_all_mac,Maximal direct-streaming all-MAC mapping,2000831488,2000831488,0,100.0000,0.0000,local shape/MAC trace with analytical direct sliding-window convolution lowering,engineering-only analytical ceiling; not paper-facing,"Mapping opportunity and Amdahl design bound only; not measured HPAT runtime, energy, edge deployment, or fabricated-silicon evidence."
